ATX_1_S237_R1_001	ATX
ATX_1_S237_R1_001	ATX
ATX_2_S155_R1_001	ATX
ATX_2_S155_R1_001	ATX
ATX_3_S167_R1_001	ATX
ATX_3_S167_R1_001	ATX
CAR_1_S149_R1_001	CAR
CAR_1_S149_R1_001	CAR
CAR_2_S161_R1_001	CAR
CAR_2_S161_R1_001	CAR
CAR_3_S173_R1_001	CAR
CAR_3_S173_R1_001	CAR
PRE_1_S152_R1_001	PRE
PRE_1_S152_R1_001	PRE
PRE_2_S164_R1_001	PRE
PRE_2_S164_R1_001	PRE
PRE_3_S176_R1_001	PRE
PRE_3_S176_R1_001	PRE
QUE_1_S228_R1_001	QUE
QUE_1_S228_R1_001	QUE
QUE_2_S240_R1_001	QUE
QUE_2_S240_R1_001	QUE
QUE_3_S158_R1_001	QUE
QUE_3_S158_R1_001	QUE
